pegawai_id,degree,betweenness,eigenvector,community
P012,1.0,0.0,0.5000000000000001,1
P002,2.0,0.16666666666666666,0.7071067811865475,1
P013,1.0,0.0,0.7071067811865476,0
P003,1.0,0.0,0.7071067811865476,0
P007,1.0,0.0,0.5000000000000001,1
